id,first_name,last_name,email
1,Sebastian,Emmens,semmens0@stumbleupon.com
2,Nydia,Matczak,nmatczak1@bravesites.com
3,Bealle,Casella,bcasella2@weebly.com
4,Coralyn,Noice,cnoice3@arstechnica.com
5,Siusan,Guislin,sguislin4@exblog.jp
6,Brietta,Horstead,bhorstead5@macromedia.com
7,Elfrida,Maffi,emaffi6@webmd.com
8,Janek,Cutbush,jcutbush7@nih.gov
9,Myer,Fines,mfines8@lulu.com
10,Holden,Crathorne,hcrathorne9@fastcompany.com
11,Vaclav,Deble,vdeblea@narod.ru
12,Matti,Stacy,mstacyb@usnews.com
13,Amalie,Alaway,aalawayc@quantcast.com
14,Loren,Abelov,labelovd@paypal.com
15,Rock,Sharple,rsharplee@topsy.com
16,Lizbeth,Mc Ilwrick,lmcilwrickf@cpanel.net
17,Marietta,Nordass,mnordassg@wordpress.com
18,Ardelia,Runnicles,arunniclesh@list-manage.com
19,Vincenz,Groom,vgroomi@odnoklassniki.ru
20,Kristen,Taggerty,ktaggertyj@shutterfly.com
21,Leonanie,Tarver,ltarverk@slashdot.org
22,Ganny,Dyas,gdyasl@cnbc.com
23,Titos,Tosney,ttosneym@cnn.com
24,Yorke,Warrilow,ywarrilown@samsung.com
25,Kerwin,Linforth,klinfortho@smugmug.com
26,Evangelina,Yeskov,eyeskovp@facebook.com
27,Veronike,Skellington,vskellingtonq@hao123.com
28,Ahmed,Korf,akorfr@dedecms.com
29,Hayward,Radke,hradkes@umich.edu
30,Thatcher,Dryburgh,tdryburght@indiatimes.com
31,Maure,Wilsdon,mwilsdonu@huffingtonpost.com
32,Cris,Wolverson,cwolversonv@nytimes.com
33,Sheelagh,Lyfe,slyfew@answers.com
34,Xenos,Canas,xcanasx@reddit.com
35,Val,Folke,vfolkey@so-net.ne.jp
36,Kaylee,Larcombe,klarcombez@yahoo.co.jp
37,Patsy,Trippack,ptrippack10@sun.com
38,Dottie,Winny,dwinny11@elegantthemes.com
39,Tiena,Harkus,tharkus12@blogs.com
40,Nyssa,Grzelczak,ngrzelczak13@biblegateway.com
41,See,Cuffe,scuffe14@yandex.ru
42,Quentin,Dunster,qdunster15@netlog.com
43,Olympia,Bonas,obonas16@com.com
44,Torrie,Leftley,tleftley17@chicagotribune.com
45,Worthy,Maypowder,wmaypowder18@ted.com
46,Fallon,Eyden,feyden19@odnoklassniki.ru
47,Dyann,Peel,dpeel1a@fastcompany.com
48,Dominga,Gilhooly,dgilhooly1b@home.pl
49,Alyse,Dumsday,adumsday1c@csmonitor.com
50,Duke,Seint,dseint1d@over-blog.com
51,Maitilde,Lorinez,mlorinez1e@usda.gov
52,Salvador,McElwee,smcelwee1f@indiatimes.com
53,Wilfred,Stilliard,wstilliard1g@hc360.com
54,Kore,Ivanenko,kivanenko1h@virginia.edu
55,Talbot,O'Doireidh,todoireidh1i@utexas.edu
56,Brana,Haddeston,bhaddeston1j@oakley.com
57,Bancroft,Nye,bnye1k@latimes.com
58,Joachim,Stapells,jstapells1l@noaa.gov
59,Annis,Giannazzo,agiannazzo1m@fc2.com
60,Elly,Cartin,ecartin1n@skype.com
61,Linc,Alfonzo,lalfonzo1o@spotify.com
62,Julie,Reid,jreid1p@usatoday.com
63,Heinrik,Abramcik,habramcik1q@europa.eu
64,Martainn,Laurens,mlaurens1r@weebly.com
65,Florina,Meaker,fmeaker1s@omniture.com
66,Muriel,Vannoort,mvannoort1t@ycombinator.com
67,Louisette,Fergie,lfergie1u@newyorker.com
68,Selina,Waterworth,swaterworth1v@latimes.com
69,Alysa,Bridgen,abridgen1w@examiner.com
70,Codi,Mellsop,cmellsop1x@shareasale.com
71,Elwyn,Sprowell,esprowell1y@furl.net
72,Ralf,Eede,reede1z@1und1.de
73,Sydel,Kmietsch,skmietsch20@amazon.co.uk
74,Kenna,Croutear,kcroutear21@epa.gov
75,Kimberli,Gloves,kgloves22@flavors.me
76,Chastity,Peplay,cpeplay23@about.me
77,Julian,Legion,jlegion24@google.co.uk
78,Glennis,Ayres,gayres25@ask.com
79,Tamarah,Lomasney,tlomasney26@umich.edu
80,Meg,Robottom,mrobottom27@constantcontact.com
81,Tatum,Patman,tpatman28@geocities.jp
82,Farrand,Beverage,fbeverage29@tinypic.com
83,Mayor,Lindenboim,mlindenboim2a@newyorker.com
84,Joshua,Simmon,jsimmon2b@qq.com
85,Ryley,O'Reilly,roreilly2c@cafepress.com
86,Rockie,Knowller,rknowller2d@wix.com
87,Giulio,Misken,gmisken2e@yellowpages.com
88,Gae,Ovise,govise2f@hostgator.com
89,Berenice,Fullerd,bfullerd2g@usa.gov
90,Codie,Leale,cleale2h@sohu.com
91,Farlay,Feilden,ffeilden2i@twitter.com
92,Chelsie,Float,cfloat2j@symantec.com
93,Fabian,Potteridge,fpotteridge2k@gravatar.com
94,Ema,Grigorini,egrigorini2l@nymag.com
95,Keith,Hockey,khockey2m@jiathis.com
96,Trevar,Moy,tmoy2n@narod.ru
97,Ky,Hoyland,khoyland2o@virginia.edu
98,Marlon,Wragge,mwragge2p@jigsy.com
99,Jens,Cassy,jcassy2q@pen.io
100,Alexa,MacMaster,amacmaster2r@fda.gov
101,Faydra,Rembrant,frembrant2s@pagesperso-orange.fr
102,Quinlan,Cicco,qcicco2t@google.ru
103,Chaim,Azemar,cazemar2u@naver.com
104,Cori,Alliberton,calliberton2v@ovh.net
105,Elisa,Caselick,ecaselick2w@shareasale.com
106,Jonathon,Folliss,jfolliss2x@addtoany.com
107,Redford,Reisen,rreisen2y@spotify.com
108,Danyette,Ide,dide2z@multiply.com
109,Gwynne,Whyley,gwhyley30@wufoo.com
110,Ilka,Yakunchikov,iyakunchikov31@fda.gov
111,Micaela,Camelia,mcamelia32@utexas.edu
112,Kort,Fulger,kfulger33@netvibes.com
113,Flin,Gornal,fgornal34@last.fm
114,Humphrey,Fireman,hfireman35@moonfruit.com
115,Bette-ann,Fancy,bfancy36@netvibes.com
116,Jarret,Samson,jsamson37@deliciousdays.com
117,Gonzalo,Goozee,ggoozee38@blogs.com
118,Gannie,Jozsika,gjozsika39@tiny.cc
119,Carlye,Cahalan,ccahalan3a@trellian.com
120,Lorrin,Webermann,lwebermann3b@gov.uk
121,Taffy,Dewitt,tdewitt3c@hubpages.com
122,Rubi,Sackler,rsackler3d@europa.eu
123,Wallas,Hateley,whateley3e@msn.com
124,Jandy,Waldera,jwaldera3f@mayoclinic.com
125,Erasmus,Bramah,ebramah3g@illinois.edu
126,Roze,Hevey,rhevey3h@reverbnation.com
127,Kerr,Hakking,khakking3i@china.com.cn
128,Elliot,Rodenhurst,erodenhurst3j@home.pl
129,Kylynn,McGowing,kmcgowing3k@si.edu
130,Dewitt,Lambourn,dlambourn3l@stumbleupon.com
131,Gabbi,Hymas,ghymas3m@howstuffworks.com
132,Joceline,Anthona,janthona3n@nifty.com
133,Selene,Stabler,sstabler3o@weebly.com
134,Rossy,Goneau,rgoneau3p@topsy.com
135,Cirstoforo,Viccary,cviccary3q@nationalgeographic.com
136,Emmett,Lahiff,elahiff3r@hc360.com
137,Gottfried,De Ath,gdeath3s@so-net.ne.jp
138,Rorie,Crocumbe,rcrocumbe3t@addtoany.com
139,Dun,Truss,dtruss3u@nbcnews.com
140,Viva,Uccelli,vuccelli3v@google.it
141,Gilbert,Ferney,gferney3w@exblog.jp
142,Beverlee,Farans,bfarans3x@example.com
143,Noble,Hasley,nhasley3y@howstuffworks.com
144,Shaylyn,Fontaine,sfontaine3z@ycombinator.com
145,Carolyne,Leebeter,cleebeter40@de.vu
146,Elinor,Domney,edomney41@mit.edu
147,Ransell,Bundey,rbundey42@drupal.org
148,Ambur,Venneur,avenneur43@usa.gov
149,Cornie,Jaime,cjaime44@theguardian.com
150,Odelle,Scotchmoor,oscotchmoor45@artisteer.com
151,Kimmi,Bracegirdle,kbracegirdle46@marketwatch.com
152,Osborn,Litherland,olitherland47@vk.com
153,Anastasie,Guntrip,aguntrip48@opera.com
154,Babbette,Reedyhough,breedyhough49@photobucket.com
155,Dalli,Roads,droads4a@theatlantic.com
156,Noelyn,Tomisch,ntomisch4b@paypal.com
157,Costanza,Reims,creims4c@msn.com
158,Bellanca,Mille,bmille4d@columbia.edu
159,Malynda,Messier,mmessier4e@sfgate.com
160,Filippo,Hame,fhame4f@typepad.com
161,Had,Khrishtafovich,hkhrishtafovich4g@msu.edu
162,Cris,Bispo,cbispo4h@rediff.com
163,Gil,Cheshir,gcheshir4i@indiatimes.com
164,Abner,Bruster,abruster4j@amazon.co.uk
165,Kalvin,Baggarley,kbaggarley4k@walmart.com
166,Jesselyn,Ashton,jashton4l@digg.com
167,Gunter,Tomblett,gtomblett4m@taobao.com
168,Dolorita,Pragnall,dpragnall4n@unicef.org
169,Bibby,Trimbey,btrimbey4o@pbs.org
170,Petronilla,Richemont,prichemont4p@mtv.com
171,Nestor,Klemt,nklemt4q@time.com
172,Perry,Hains,phains4r@ted.com
173,Mathian,Loudyan,mloudyan4s@ameblo.jp
174,Les,O' Timony,lotimony4t@barnesandnoble.com
175,Leila,Kilbane,lkilbane4u@sitemeter.com
176,Jackelyn,Filipczynski,jfilipczynski4v@slideshare.net
177,Bonni,Bandiera,bbandiera4w@mysql.com
178,Haleigh,Raxworthy,hraxworthy4x@foxnews.com
179,Mariellen,Polsin,mpolsin4y@google.com
180,Artemas,Ponder,aponder4z@webnode.com
181,Haroun,Blanche,hblanche50@mail.ru
182,Elysee,Phare,ephare51@is.gd
183,Desiree,Drews,ddrews52@imdb.com
184,Ricardo,Rapsey,rrapsey53@github.io
185,Aymer,Schwandermann,aschwandermann54@sun.com
186,Nissie,Tryme,ntryme55@cnet.com
187,Eldredge,Iorio,eiorio56@smugmug.com
188,Pearline,Persian,ppersian57@blogspot.com
189,Lilian,Chivrall,lchivrall58@joomla.org
190,Rae,Brokenshaw,rbrokenshaw59@studiopress.com
191,Chantal,Heaney,cheaney5a@imgur.com
192,Melania,Carlisso,mcarlisso5b@wisc.edu
193,Kara-lynn,Dighton,kdighton5c@bandcamp.com
194,Blinny,Crayton,bcrayton5d@example.com
195,Stearn,Stambridge,sstambridge5e@51.la
196,Wilhelmina,Mitchelson,wmitchelson5f@aol.com
197,Steve,Plumptre,splumptre5g@businesswire.com
198,Dede,Wimpeney,dwimpeney5h@opensource.org
199,Lara,Beesey,lbeesey5i@stanford.edu
200,Isak,Korneluk,ikorneluk5j@dagondesign.com
201,Tallia,Frantsev,tfrantsev5k@4shared.com
202,Orsola,Rosini,orosini5l@sogou.com
203,Iver,Reymers,ireymers5m@apache.org
204,Cathryn,Hardage,chardage5n@boston.com
205,Taryn,Hourican,thourican5o@studiopress.com
206,Jojo,Stranks,jstranks5p@tripod.com
207,Nelson,Veschambes,nveschambes5q@cbsnews.com
208,Pietra,Irlam,pirlam5r@tmall.com
209,Nikoletta,Cockton,ncockton5s@nba.com
210,Adelle,Tuny,atuny5t@ehow.com
211,Murielle,Hoonahan,mhoonahan5u@bbb.org
212,Gustav,Pechold,gpechold5v@nyu.edu
213,Blithe,Kaysor,bkaysor5w@etsy.com
214,Mignonne,Carme,mcarme5x@fastcompany.com
215,Timmy,Gartan,tgartan5y@macromedia.com
216,Mikkel,Reinbach,mreinbach5z@ibm.com
217,Calvin,Crossthwaite,ccrossthwaite60@unicef.org
218,Prentiss,Veldstra,pveldstra61@a8.net
219,Lamond,Parffrey,lparffrey62@discovery.com
220,Marshall,MacMurray,mmacmurray63@sogou.com
221,Nolan,Brackenridge,nbrackenridge64@wisc.edu
222,Laurie,Kubach,lkubach65@g.co
223,Christiane,Lunk,clunk66@ehow.com
224,Rennie,Gaythorpe,rgaythorpe67@comcast.net
225,Ginni,Girling,ggirling68@ezinearticles.com
226,Eada,Caukill,ecaukill69@technorati.com
227,Erhard,Ferfulle,eferfulle6a@wufoo.com
228,Milzie,Wolfit,mwolfit6b@adobe.com
229,Jelene,Blackbourn,jblackbourn6c@blogger.com
230,Mercie,Sainsbury-Brown,msainsburybrown6d@opera.com
231,Artemas,Edgeon,aedgeon6e@springer.com
232,Wolf,Henrie,whenrie6f@ucla.edu
233,Stanly,Spikins,sspikins6g@qq.com
234,Tabbi,Rosenberger,trosenberger6h@myspace.com
235,Wash,Wildbore,wwildbore6i@odnoklassniki.ru
236,Cleve,Vasishchev,cvasishchev6j@google.ca
237,Ivar,Sawney,isawney6k@scientificamerican.com
238,Jen,Andrioli,jandrioli6l@linkedin.com
239,Bibbye,Bengle,bbengle6m@google.nl
240,Victor,Garken,vgarken6n@weather.com
241,Hollyanne,Hinder,hhinder6o@boston.com
242,Chas,Halso,chalso6p@posterous.com
243,Aidan,Mersey,amersey6q@addtoany.com
244,Lissa,Cayton,lcayton6r@barnesandnoble.com
245,Xena,Duddell,xduddell6s@comcast.net
246,Murielle,Guinane,mguinane6t@scribd.com
247,Etty,Rosewall,erosewall6u@pen.io
248,Richmound,Stove,rstove6v@webnode.com
249,Giacomo,Bosden,gbosden6w@lulu.com
250,Alejoa,Melton,amelton6x@netlog.com
251,Isidora,Tolson,itolson6y@google.com.au
252,Olia,Pascoe,opascoe6z@devhub.com
253,Tedie,Lukehurst,tlukehurst70@fema.gov
254,Damien,Pere,dpere71@sun.com
255,Woody,Delos,wdelos72@so-net.ne.jp
256,Denyse,Volette,dvolette73@loc.gov
257,Daniela,Zack,dzack74@springer.com
258,Jerrie,Youngs,jyoungs75@bravesites.com
259,Ree,Cabotto,rcabotto76@zdnet.com
260,Anabella,Beccles,abeccles77@bloglovin.com
261,Major,Kenton,mkenton78@ezinearticles.com
262,Julia,Rylance,jrylance79@4shared.com
263,Jazmin,Quinane,jquinane7a@princeton.edu
264,Dale,Breazeall,dbreazeall7b@earthlink.net
265,Kassia,Anker,kanker7c@miibeian.gov.cn
266,Claiborne,Shippard,cshippard7d@printfriendly.com
267,Marne,Rollingson,mrollingson7e@youtu.be
268,Farrel,Stallwood,fstallwood7f@hc360.com
269,Alene,Rawlinson,arawlinson7g@yale.edu
270,Melli,Govini,mgovini7h@wsj.com
271,Dallon,Annwyl,dannwyl7i@topsy.com
272,Sidonnie,Sparway,ssparway7j@cbsnews.com
273,Kelsy,Cunney,kcunney7k@google.de
274,Nisse,Maseyk,nmaseyk7l@cocolog-nifty.com
275,Jorry,Freak,jfreak7m@yahoo.co.jp
276,Alfie,Meegan,ameegan7n@goo.gl
277,Ric,Raubenheimer,rraubenheimer7o@printfriendly.com
278,Antonella,Downing,adowning7p@cpanel.net
279,Agnola,Tanti,atanti7q@phpbb.com
280,Euell,Hurrion,ehurrion7r@example.com
281,Conny,Kitteringham,ckitteringham7s@google.cn
282,Francisco,Arr,farr7t@yellowpages.com
283,Kaye,Odhams,kodhams7u@google.es
284,Vale,MacAndreis,vmacandreis7v@booking.com
285,Eryn,Bedingfield,ebedingfield7w@sakura.ne.jp
286,Arlyne,Simononsky,asimononsky7x@discuz.net
287,Terrel,Rothermel,trothermel7y@army.mil
288,Osbourne,Corradengo,ocorradengo7z@independent.co.uk
289,Wendeline,McGoogan,wmcgoogan80@ovh.net
290,Barrett,Beekman,bbeekman81@microsoft.com
291,Reggy,Wykes,rwykes82@sphinn.com
292,Nev,Rasmus,nrasmus83@mozilla.com
293,Abeu,Rosentholer,arosentholer84@surveymonkey.com
294,Jessi,Birbeck,jbirbeck85@indiegogo.com
295,Jameson,Rivallant,jrivallant86@mapy.cz
296,Adriano,Gosnall,agosnall87@multiply.com
297,Jeffry,Aleksandrikin,jaleksandrikin88@hibu.com
298,Harmonie,Stelfax,hstelfax89@wix.com
299,Randi,Lemmen,rlemmen8a@facebook.com
300,Tiffanie,Dan,tdan8b@chicagotribune.com
301,Anya,Begg,abegg8c@mapquest.com
302,Carolina,Toffanini,ctoffanini8d@bravesites.com
303,Cindelyn,Dunican,cdunican8e@mysql.com
304,Frederic,Scourfield,fscourfield8f@weebly.com
305,Clarie,Fulleylove,cfulleylove8g@parallels.com
306,Davidson,Sargint,dsargint8h@ucsd.edu
307,Adorne,Kenshole,akenshole8i@bloglovin.com
308,Ramsay,Barbe,rbarbe8j@aboutads.info
309,Hilton,Merrall,hmerrall8k@webs.com
310,Keen,Britland,kbritland8l@cnet.com
311,Ayn,Bille,abille8m@cocolog-nifty.com
312,Glori,Blackeby,gblackeby8n@narod.ru
313,Shelley,Wrathall,swrathall8o@bbb.org
314,Marielle,MacElharge,mmacelharge8p@addtoany.com
315,Tarra,Gavaghan,tgavaghan8q@auda.org.au
316,Bette-ann,Braisby,bbraisby8r@mit.edu
317,Blanch,Wells,bwells8s@shop-pro.jp
318,Natasha,De la Yglesia,ndelayglesia8t@bravesites.com
319,Tremayne,Spark,tspark8u@ycombinator.com
320,Clarey,Suff,csuff8v@unblog.fr
321,Hastie,Welbourn,hwelbourn8w@wikimedia.org
322,Merci,Critchell,mcritchell8x@newsvine.com
323,Laurens,Allibone,lallibone8y@cmu.edu
324,Daffi,Lochhead,dlochhead8z@jalbum.net
325,Cissiee,Petheridge,cpetheridge90@xing.com
326,Gerek,Cossom,gcossom91@pagesperso-orange.fr
327,Langsdon,Stagge,lstagge92@psu.edu
328,Michelina,Janaud,mjanaud93@liveinternet.ru
329,Ulises,Bartosek,ubartosek94@baidu.com
330,Broddy,Matashkin,bmatashkin95@chron.com
331,Annissa,Christophersen,achristophersen96@weather.com
332,Blinny,Bemwell,bbemwell97@github.io
333,Guglielmo,Bermingham,gbermingham98@wsj.com
334,Prescott,Hoggin,phoggin99@cyberchimps.com
335,Roarke,Laffin,rlaffin9a@posterous.com
336,Barri,Cowser,bcowser9b@fda.gov
337,Ilysa,Frith,ifrith9c@taobao.com
338,Noreen,Loody,nloody9d@jugem.jp
339,Maxy,Fenemore,mfenemore9e@networkadvertising.org
340,Koren,Abadam,kabadam9f@hao123.com
341,Bari,Parley,bparley9g@nasa.gov
342,Kingsley,Frankum,kfrankum9h@tumblr.com
343,Aida,Olivier,aolivier9i@apple.com
344,Jenda,Stolz,jstolz9j@infoseek.co.jp
345,Skell,Di Claudio,sdiclaudio9k@newyorker.com
346,Justinn,Philpault,jphilpault9l@instagram.com
347,Lorin,Christofides,lchristofides9m@cisco.com
348,Sandy,Mapowder,smapowder9n@hc360.com
349,Tabatha,Durban,tdurban9o@cam.ac.uk
350,Morgan,Prudham,mprudham9p@simplemachines.org
351,Conny,O'Deegan,codeegan9q@google.com.hk
352,Bax,Dower,bdower9r@earthlink.net
353,Elsie,Grisewood,egrisewood9s@netscape.com
354,Kerstin,Sainsberry,ksainsberry9t@state.tx.us
355,Bernardo,Levin,blevin9u@shutterfly.com
356,Daniella,Norres,dnorres9v@homestead.com
357,Elwin,Pirot,epirot9w@amazon.co.jp
358,Libbie,Barsham,lbarsham9x@xrea.com
359,Micaela,Brugh,mbrugh9y@rambler.ru
360,Brina,Endrighi,bendrighi9z@huffingtonpost.com
361,Upton,Dominichelli,udominichellia0@sitemeter.com
362,Alayne,Meneghelli,ameneghellia1@bravesites.com
363,Marcellina,Scrivens,mscrivensa2@yelp.com
364,Mirelle,Albiston,malbistona3@nifty.com
365,Raychel,Moorrud,rmoorruda4@nps.gov
366,Anabal,Vasilischev,avasilischeva5@independent.co.uk
367,Shoshana,Clemo,sclemoa6@merriam-webster.com
368,Vita,Hyman,vhymana7@wikispaces.com
369,Werner,Forst,wforsta8@latimes.com
370,Monty,Moen,mmoena9@cmu.edu
371,Frederico,Hayer,fhayeraa@boston.com
372,Hadlee,Barbe,hbarbeab@ed.gov
373,Mel,Trematick,mtrematickac@over-blog.com
374,Ingmar,Badsworth,ibadsworthad@freewebs.com
375,Lucienne,Chastand,lchastandae@jalbum.net
376,Taddeusz,Andor,tandoraf@photobucket.com
377,Alina,Dwyr,adwyrag@washingtonpost.com
378,Sammy,Izkovitz,sizkovitzah@over-blog.com
379,Shurlocke,Sudran,ssudranai@prlog.org
380,Helga,Smeeton,hsmeetonaj@phoca.cz
381,Alfonso,Wilmot,awilmotak@imageshack.us
382,Eustacia,Toulmin,etoulminal@statcounter.com
383,Cristy,Jocelyn,cjocelynam@senate.gov
384,Berkeley,Hambleton,bhambletonan@shop-pro.jp
385,Bord,Deftie,bdeftieao@deliciousdays.com
386,Ferne,Dunmuir,fdunmuirap@woothemes.com
387,Mario,Davidai,mdavidaiaq@over-blog.com
388,Lyle,Concklin,lconcklinar@yellowpages.com
389,Leonelle,Trodler,ltrodleras@jalbum.net
390,Micah,Bonney,mbonneyat@wp.com
391,Jecho,Aldwinckle,jaldwinckleau@free.fr
392,Annelise,Lakes,alakesav@flickr.com
393,Redd,Poller,rpolleraw@nytimes.com
394,Sven,Daniels,sdanielsax@columbia.edu
395,Dev,Marr,dmarray@wordpress.com
396,Wood,Simonazzi,wsimonazziaz@odnoklassniki.ru
397,Gavra,Robins,grobinsb0@weather.com
398,Tucker,Conningham,tconninghamb1@marketwatch.com
399,Wilhelmina,Hedger,whedgerb2@dion.ne.jp
400,Sydney,Luetkemeyer,sluetkemeyerb3@amazon.com
401,Townie,Paynter,tpaynterb4@sina.com.cn
402,Wyn,Scoble,wscobleb5@technorati.com
403,Natasha,Matovic,nmatovicb6@youtu.be
404,Ivar,Luna,ilunab7@quantcast.com
405,Patrick,Tibb,ptibbb8@naver.com
406,Raimundo,Chace,rchaceb9@earthlink.net
407,Fionnula,Ferrick,fferrickba@weebly.com
408,Bamby,Barchrameev,bbarchrameevbb@de.vu
409,Angelique,Studdeard,astuddeardbc@mail.ru
410,Pippa,Sinnat,psinnatbd@unblog.fr
411,Reeta,Sparkwell,rsparkwellbe@google.co.jp
412,Roseann,Whaley,rwhaleybf@bloglovin.com
413,Eustacia,MacKaile,emackailebg@reuters.com
414,Uta,Naton,unatonbh@latimes.com
415,Tess,Goscar,tgoscarbi@360.cn
416,Maximo,Sworn,mswornbj@constantcontact.com
417,Fulvia,Knott,fknottbk@github.io
418,Michaela,Knowling,mknowlingbl@bluehost.com
419,Bran,Coye,bcoyebm@scientificamerican.com
420,Hans,Sleney,hsleneybn@dagondesign.com
421,Donny,Petch,dpetchbo@comcast.net
422,Forester,Brine,fbrinebp@desdev.cn
423,Nadiya,Blackesland,nblackeslandbq@seesaa.net
424,Doria,Pietzker,dpietzkerbr@merriam-webster.com
425,Del,Reyson,dreysonbs@cornell.edu
426,Jillana,Mephan,jmephanbt@arizona.edu
427,Carlen,Kaasmann,ckaasmannbu@ehow.com
428,Dorolice,Munns,dmunnsbv@technorati.com
429,Humphrey,Ajam,hajambw@wsj.com
430,Aura,Genge,agengebx@pinterest.com
431,Clifford,Glew,cglewby@furl.net
432,Lamond,Goodding,lgooddingbz@shutterfly.com
433,Sylvia,Whiscard,swhiscardc0@feedburner.com
434,Joe,Blewett,jblewettc1@yelp.com
435,Katy,Cochern,kcochernc2@squidoo.com
436,Terrel,Iskower,tiskowerc3@patch.com
437,Arron,McLugish,amclugishc4@nih.gov
438,Morganica,Vittle,mvittlec5@prlog.org
439,Sydney,Vieyra,svieyrac6@amazon.co.jp
440,Tracey,Filipponi,tfilipponic7@i2i.jp
441,Benoite,Aveling,bavelingc8@twitter.com
442,Janene,Kenningham,jkenninghamc9@flickr.com
443,Anabel,Stritton,astrittonca@sphinn.com
444,Eileen,Brundell,ebrundellcb@pcworld.com
445,Tracie,Kelle,tkellecc@homestead.com
446,Austin,Draper,adrapercd@bravesites.com
447,Lauren,Terrill,lterrillce@wunderground.com
448,Aldwin,Goldsberry,agoldsberrycf@weibo.com
449,Amalee,Eakins,aeakinscg@tinypic.com
450,Reine,Sey,rseych@1und1.de
451,Juana,Bareham,jbarehamci@oaic.gov.au
452,Ivett,Ewington,iewingtoncj@soup.io
453,Imogene,Feilden,ifeildenck@kickstarter.com
454,Anita,Burdin,aburdincl@sbwire.com
455,Meridith,Greenig,mgreenigcm@cyberchimps.com
456,Pat,Buffey,pbuffeycn@t.co
457,Gabe,Kulvear,gkulvearco@comsenz.com
458,Emmalynn,Rudiger,erudigercp@amazon.co.uk
459,Aylmer,Hentzeler,ahentzelercq@t-online.de
460,Kristofor,Riolfi,kriolficr@xrea.com
461,Barbara-anne,Fogarty,bfogartycs@accuweather.com
462,Nikoletta,Amor,namorct@edublogs.org
463,Freddie,Shearn,fshearncu@squarespace.com
464,Samuel,Chainey,schaineycv@creativecommons.org
465,Herby,Benez,hbenezcw@flickr.com
466,Shelton,Dumbare,sdumbarecx@tinypic.com
467,Leanor,Eglese,leglesecy@exblog.jp
468,Olag,Minister,oministercz@umich.edu
469,Germaine,Brownjohn,gbrownjohnd0@newsvine.com
470,Moises,Kuhndel,mkuhndeld1@dot.gov
471,Rachael,Le Count,rlecountd2@gov.uk
472,Lindon,Bulluck,lbulluckd3@omniture.com
473,Meredithe,Higbin,mhigbind4@vinaora.com
474,Hallsy,Endacott,hendacottd5@amazon.de
475,Chrissie,Porson,cporsond6@nsw.gov.au
476,Fay,Tooby,ftoobyd7@nytimes.com
477,Fancy,Standell,fstandelld8@bloglovin.com
478,Bliss,Keasey,bkeaseyd9@java.com
479,Audra,Goulbourn,agoulbournda@adobe.com
480,Pepita,Minchin,pminchindb@freewebs.com
481,Abbott,Deeming,adeemingdc@craigslist.org
482,Freda,Jaray,fjaraydd@dedecms.com
483,Pepi,Westcott,pwestcottde@i2i.jp
484,Edythe,O'Hara,eoharadf@a8.net
485,Nichole,Di Antonio,ndiantoniodg@ft.com
486,Ninnetta,Fodden,nfoddendh@businessinsider.com
487,Fabe,Shorthill,fshorthilldi@mozilla.com
488,Roderic,Adelsberg,radelsbergdj@harvard.edu
489,Sarette,Sandey,ssandeydk@google.pl
490,Beverlie,Cheng,bchengdl@independent.co.uk
491,Gennifer,Rubrow,grubrowdm@ameblo.jp
492,Yorgos,Combes,ycombesdn@squidoo.com
493,Jocko,Caulcott,jcaulcottdo@comcast.net
494,Freddie,Vickars,fvickarsdp@list-manage.com
495,Cullin,Starte,cstartedq@bbc.co.uk
496,Lion,Vasilic,lvasilicdr@seesaa.net
497,Moll,Kynge,mkyngeds@sogou.com
498,Callida,Gummer,cgummerdt@xrea.com
499,Bambie,Szepe,bszepedu@instagram.com
500,Corrine,Kinghorn,ckinghorndv@fastcompany.com
